tipo,titulo,direccion,precio,terreno,construccion,hab,baños,estac,pisc
Apartamento En Renta,Apartamento En Alquiler En Lecheria Resd Tepui Caribe,"Diego Bautista Urbaneja, Lechería, Anzoategui",270.0,42.0,42.0,1.0,1.0,1.0,True
Casa En Venta,Casa Bote C,"sector aquavilla, Diego Bautista Urbaneja, Lechería, Anzoategui",2000.0,201.0,120.0,,,,False
Apartamento En Venta,Lujoso Apartamento Dúplex En Planta Baja Condominio Isla Marina,"Avenida La Costa, Diego Bautista Urbaneja, Lechería, Anzoategui",245000.0,194.0,164.0,,,,False
Apartamento En Renta,Alquiler Apartamento En El Conjunto Residencial Punta Canal En Lechería,"Sector la Salina, Diego Bautista Urbaneja, Lechería, Anzoategui",700.0,120.0,120.0,3.0,2.0,2.0,True
Apartamento En Renta,Se Alquila Hermoso Apartamento En El Conjunto Residencial Marina Del Rey,"1, Diego Bautista Urbaneja, Lechería, Anzoategui",350.0,46.0,46.0,1.0,1.0,1.0,False
Apartamento En Renta,APARTAMENTO EN ALQUILER EN PUERTO PRINCIPE,"Avenida Daniel Camejo Octavio, Diego Bautista Urbaneja, Lechería, Anzoategui",400.0,135.0,135.0,3.0,2.0,2.0,False
Casa En Venta,"Amplia Casa Equipada Y Amoblada En Una Excelente Zona, Muy Bien Ubicada","Neveri, Diego Bautista Urbaneja, Lechería, Anzoategui",295000.0,509.0,400.0,6.0,5.0,9.0,True
Apartamento En Venta,Lujoso Apartamento En Venta En El Conjunto Residential Doral Beach,"Diego Bautista Urbaneja, Lechería, Anzoategui",42000.0,120.0,120.0,,,,False
Penthouse En Venta,"Espacioso E Imponente PENTHOUSE En Residencias Oasis, Casco Central De Lechería","Calle Merey, Diego Bautista Urbaneja, Lechería, Anzoategui",250000.0,375.0,375.0,4.0,4.0,2.0,True
Apartamento En Venta,Apartamento En Venta En Lechería A Estrenar En El Prestigioso CR. Casa Mares,"Av. Principal de Lechería, Diego Bautista Urbaneja, Lechería, Anzoategui",145000.0,96.0,96.0,3.0,2.0,2.0,True
Apartamento En Venta,Apartamento En Lechería En El CR Costa Guaica,"Costanera, Diego Bautista Urbaneja, Lechería, Anzoategui",55000.0,86.0,86.0,,,,False
Local En Renta,Local A Pie De Calle Lechería,"Venezuela, Diego Bautista Urbaneja, Lechería, Anzoategui",300.0,30.0,30.0,,,,False
Oficinas En Venta,Oficina En Lechería,"venezuela, Diego Bautista Urbaneja, Lechería, Anzoategui",31000.0,26.0,26.0,,,,False
Local En Venta,Oficina En Venta Lechería,"venezuela, Diego Bautista Urbaneja, Lechería, Anzoategui",38000.0,29.0,29.0,,,,False
Oficinas En Renta,Oficina Lechería Alquiler,"venezuela, Diego Bautista Urbaneja, Lechería, Anzoategui",400.0,29.0,29.0,,,,False
Apartamento En Venta,En Venta Apartamento En El Conjunto Residencial Morro Humboldt,"avenida camejo octavio, Diego Bautista Urbaneja, Lechería, Anzoategui",25000.0,83.0,83.0,2.0,2.0,1.0,False
Apartamento En Venta,"Apartamento C.R Alto Atlantis, Las Garzas","Calle Sur 4, Sector Las Garzas, Diego Bautista Urbaneja, Lechería, Anzoategui",40000.0,72.0,72.0,,,,False
Town House En Renta,TOWN HOUSE EN ALQUILER EN PUERTO PRINCIPE,"Avenida Daniel Camejo Octavio, Diego Bautista Urbaneja, Lechería, Anzoategui",550.0,120.0,120.0,3.0,3.0,1.0,False
Casa En Renta,Cómoda Y Acogedora Villa En Alquiler Vacacional,"Av Camejo Octavio, Diego Bautista Urbaneja, Lechería, Anzoategui",1000.0,1.2,700.0,6.0,8.0,5.0,False
Oficinas En Venta,Moderna Oficina En Centro Comercial Venezuela Centro Lecheria,"venezuela, Diego Bautista Urbaneja, Lechería, Anzoategui",45000.0,33.0,33.0,,,,False
Apartamento En Renta,APARTAMENTO EN ALQUILER EN LECHERIA CR PEDREGAL SUITES,"Sector Peñon del Faro, Diego Bautista Urbaneja, Lechería, Anzoategui",250.0,40.0,40.0,,,,False
Apartamento En Venta,APARTAMENTO EN VENTA EN LECHERIA CR PUERTO AVENTURA,"AV R-16, Diego Bautista Urbaneja, Lechería, Anzoategui",83000.0,118.0,118.0,,,,False
Apartamento En Renta,APARTAMENTO EN ALQUILER EN LECHERIA CR KYNAKI,"Av Bolivar, Diego Bautista Urbaneja, Lechería, Anzoategui",450.0,95.0,95.0,,,,False
Apartamento En Renta,APARTAMENTO EN ALQUILER CR OASIS,"VENECIA, Diego Bautista Urbaneja, Lechería, Anzoategui",800.0,94.0,94.0,,,,False
Casa Bote En Renta,Casa Bote C,"Camejo Octavio, Diego Bautista Urbaneja, Lechería, Anzoategui",700.0,120.0,120.0,,,,False
Apartamento En Venta,CONJUNTO RESIDENCIAL DORAL BEACH,"AVENIDA AMERICO VESPUCIO, Diego Bautista Urbaneja, Lechería, Anzoategui",24000.0,95.0,95.0,,,,False
Apartamento En Venta,"Apartamento Conjunto Res. Aquamarina Suites, Av. Bolivar, Lecheria","Av. B, Diego Bautista Urbaneja, Lechería, Anzoategui",79000.0,109.0,109.0,3.0,2.0,2.0,False
Casa En Venta,"Venta De Hermosa Casas Botes C, Lechería, Complejo Turístico El Morro","Av. Camejo Octavio, Diego Bautista Urbaneja, Lechería, Anzoategui",170000.0,206.0,206.0,4.0,4.0,2.0,False
Apartamento En Venta,En Venta Apartamento En Marina Del Rey,"MARINA DEL REY, Diego Bautista Urbaneja, Lechería, Anzoategui",80000.0,55.0,55.0,,,,False
Apartamento En Venta,En Venta Apartamento En Marina Del Rey,"MARINA DEL REY, Diego Bautista Urbaneja, Lechería, Anzoategui",70000.0,66.0,66.0,2.0,2.0,0.0,False
Town House En Venta,Town House En C.R Costa Del Sol,"Calle Principal, Diego Bautista Urbaneja, Lechería, Anzoategui",170000.0,135.0,135.0,4.0,2.0,2.0,True
Apartamento En Venta,Apartamento En El Conjunto Residencial Marina Del Rey,"Av. Americo Vespucio, Diego Bautista Urbaneja, Lechería, Anzoategui",43000.0,66.0,66.0,2.0,1.0,3.0,True
Town House En Venta,Residencias Guaica House,"maria rosa, Diego Bautista Urbaneja, Lechería, Anzoategui",120000.0,145.0,145.0,,,,False
Apartamento En Venta,EXCLUSIVO APARTAMENTO EN VENTA. EL MORRO,"Diego Bautista Urbaneja, Lechería, Anzoategui",350000.0,165.0,165.0,3.0,3.0,3.0,True
Casa En Venta,Amplia Casa Conjunto Residencial Guaica House Sector Morro IIILecheria,"Morro III, Diego Bautista Urbaneja, Lechería, Anzoategui",125000.0,150.0,150.0,3.0,3.0,3.0,False
Casa En Venta,Lujosa Villa En Venta,"Diego Bautista Urbaneja, Lechería, Anzoategui",1300000.0,800.0,800.0,6.0,6.0,6.0,True
Apartamento En Renta,Cómodo Y Lindo Apartamento En Alquiler En Guaica Real,"Diego Bautista Urbaneja, Lechería, Anzoategui",500.0,86.0,86.0,2.0,2.0,2.0,True
Apartamento En Venta,"Apartamento En Venta, Conjunto Residencial Mochima Puerto La Cruz","APAMATES, Diego Bautista Urbaneja, Lechería, Anzoategui",18500.0,81.0,81.0,,,,False
Casa En Venta,Casas Bote C Moderna Y Amoblada,"Av. Daniel Camejo Octavio, Diego Bautista Urbaneja, Lechería, Anzoategui",420000.0,200.0,391.0,4.0,4.0,3.0,False
Town House En Venta,Amplio Y Confortable Townhause En El Conjunto Residencial Villas Monterrey,"Calle Mara, Diego Bautista Urbaneja, Lechería, Anzoategui",110000.0,0.0,235.0,,,,False
Apartamento En Renta,APTO EN ALQUILER EN EL CONJUNTO RESIDENCIAL MARINA MAR,"AVENIDA BARLOVENTO, Diego Bautista Urbaneja, Lechería, Anzoategui",600.0,90.0,90.0,2.0,2.0,1.0,False
Apartamento En Venta,"Apartamento En Venta Conjunto Residencial ALTO ATLANTIS, Lecheria","Calle sur, Diego Bautista Urbaneja, Lechería, Anzoategui",43000.0,77.0,77.0,21.0,2.0,2.0,False
Town House En Renta,TOWNHOUSE EN ALQUILER EN LECHERIA CR LAS MARINAS,"Octavio Camejo, Diego Bautista Urbaneja, Lechería, Anzoategui",1500.0,273.0,273.0,,,,False
Apartamento En Venta,"*Con Alto Potencial En Una De Las Zonas Mas Prestigiosas ,","Av, Bolivar, Diego Bautista Urbaneja, Lechería, Anzoategui",95000.0,180.0,180.0,,,,False
Apartamento En Venta,Cómodo Y Lindo Apartamento En Venta En Guaica Real,"Diego Bautista Urbaneja, Lechería, Anzoategui",55000.0,86.0,86.0,2.0,2.0,2.0,True
Apartamento En Renta,Hermoso Y Amplio Apartamento Con Hermosa Vista A La Ciudad,"Calle Arismendi, Diego Bautista Urbaneja, Lechería, Anzoategui",650.0,98.0,98.0,3.0,2.0,2.0,True
Casa En Venta,VILLA VACACIONAL,"LAS VILLAS DE LECHERIA, Diego Bautista Urbaneja, Lechería, Anzoategui",550.0,1.964,1.964,,,,False
Apartamento En Venta,CONJUNTO RESIDENCIAL MARINA MAR,"Avenida La Costa, Diego Bautista Urbaneja, Lechería, Anzoategui",210000.0,229.0,229.0,,,,False
Town House En Venta,TOWNHOUSE EN VENTA N LECHERIA CR LAS MARINAS,"Octavio Camejo, Diego Bautista Urbaneja, Lechería, Anzoategui",255000.0,273.0,273.0,,,,False
Local En Renta,LOCAL COMERCIAL LECHERIA,"LECHERIA, Diego Bautista Urbaneja, Lechería, Anzoategui",750.0,170.0,170.0,,,,False
Town House En Venta,Town House Conjunto Residencial La Caleta,"AV: Octavio Camejo, Diego Bautista Urbaneja, Lechería, Anzoategui",85.0,72.0,72.0,,,,False
Apartamento En Venta,Conveniente Apartamento En El Conjunto Residencial Madre Vieja,"Av. Costanera, Diego Bautista Urbaneja, Lechería, Anzoategui",26000.0,0.0,92.0,,,,False
Local En Renta,"Local Comercial De 97m2 En Alquiler, Moderno Y Con Acabados De Primera","Avenida Bolivar, cruce con calle los almendrones, Diego Bautista Urbaneja, Lechería, Anzoategui",950.0,97.0,97.0,,,,False
Oficinas En Venta,Oficina En Venta En El Centro Empresarial Colon,"calle Arismendi, Diego Bautista Urbaneja, Lechería, Anzoategui",120000.0,57.0,57.0,,,,False
Casa En Venta,CASA EN VENTA EN EL CR CASAS BOTES C,"Octavio Camejo, Diego Bautista Urbaneja, Lechería, Anzoategui",350000.0,215.0,215.0,,,,False
Casa En Renta,CASA EN ALQUILER EN LECHERIA CR CASAS BOTES C,"Octavio Camejo, Diego Bautista Urbaneja, Lechería, Anzoategui",2000.0,215.0,215.0,,,,False
Apartamento En Renta,Apartamento Moderno En Alquiler En Conjunto Residencial Punta Canal,"Diego Bautista Urbaneja, Lechería, Anzoategui",1000.0,82.0,82.0,2.0,2.0,2.0,True
Apartamento En Renta,Hermoso Apartamento En La Avenida Bolivar De Lechería Residencias Karol,"AV BOLIVAR, Diego Bautista Urbaneja, Lechería, Anzoategui",450.0,75.0,75.0,,,,False
Apartamento En Renta,Apartamento En Alquiler,"Complejo Turistico El Morro, Diego Bautista Urbaneja, Lechería, Anzoategui",1400.0,112.0,112.0,3.0,2.0,2.0,True
Apartamento En Venta,Exclusivo Apartamento En Residencias Lido Suites,"8 la cuidad de Lecheria, Diego Bautista Urbaneja, Lechería, Anzoategui",100000.0,70.0,70.0,2.0,2.0,2.0,True
Apartamento En Venta,Apartamento En Venta 3 Habitaciones Lechería,"Sector Venecia, Diego Bautista Urbaneja, Lechería, Anzoategui",19000.0,86.0,86.0,,,,False
Local En Renta,Te Ofrece En Alquiler Local Comercial En Lecheria,"carrera 7 con carrera 5, Diego Bautista Urbaneja, Lechería, Anzoategui",250.0,28.0,28.0,,,,False
Town House En Renta,Bello Townhouse En Alquiler En Aguamarina,"Diego Bautista Urbaneja, Lechería, Anzoategui",700.0,103.0,103.0,3.0,2.0,2.0,True
Apartamento En Venta,VENTA APARTAMENTO EN CONJ RESD LAS MARINAS LECHERIA,"Diego Bautista Urbaneja, Lechería, Anzoategui",100000.0,84.0,84.0,,,,False
Casa En Renta,Villa Para Alquiler En Cayo De Agua,"Calle Principal, Diego Bautista Urbaneja, Lechería, Anzoategui",1500.0,132.0,132.0,,,,False
Casa En Renta,En Alquiler Hermosa Y Comoda Casas Bote B,"Av Daniel Camejo Octavio, Diego Bautista Urbaneja, Lechería, Anzoategui",800.0,202.0,202.0,3.0,3.0,1.0,True
Apartamento En Venta,APARTAMENTO EN VENTA LECHERIA EDIFICIO TOSCANA,"CASCO CENTRAL, Diego Bautista Urbaneja, Lechería, Anzoategui",55000.0,63.0,63.0,,,,False
Apartamento En Renta,"Apartamento En Residencial Punta Marina, Lechería","el morro, Diego Bautista Urbaneja, Lechería, Anzoategui",1300.0,117.0,117.0,3.0,4.0,2.0,True
Casa En Venta,Amplia Casa Ubicada Detrás Del Centro Comercial Mar Pacifico En Lecheria,"Calle Los Apamates, Diego Bautista Urbaneja, Lechería, Anzoategui",125000.0,235.0,235.0,,,,False
Apartamento En Renta,HERMOSO Y COMODO APARTAMENTO AMOBLADO Y EQUIPADO EN ALQUILER LECHERIA,"AV R16, Diego Bautista Urbaneja, Lechería, Anzoategui",800.0,72.0,72.0,2.0,2.0,2.0,False
Local En Renta,AMPLIO LOCAL COMERCIAL PLANTA BAJA EN ALQUILER MAR PACIFICO LECHERIA,"AV PRINCIPAL LECHERIA, Diego Bautista Urbaneja, Lechería, Anzoategui",1200.0,85.0,85.0,,,,False
Apartamento En Venta,APARTAMENTO EN VENTA EN LECHERIA C.R CHIMANA,"AV AMERICO VESPUCIO, Diego Bautista Urbaneja, Lechería, Anzoategui",220000.0,238.0,238.0,,,,False
Apartamento En Renta,Se Ofrece En Alquiler Un Cómodo Apartamento En Residencias Pocholo,"Diego Bautista Urbaneja, Lechería, Anzoategui",400.0,82.0,82.0,,,,False
Apartamento En Venta,Apartamento Para Remodelar Residencia Maya,"principal de lecheria, Diego Bautista Urbaneja, Lechería, Anzoategui",35000.0,113.0,113.0,1.0,2.0,1.0,False
Local En Renta,Consultorio Medico En Alquiler,"Calle Mariño, Diego Bautista Urbaneja, Lechería, Anzoategui",400.0,18.0,18.0,,,,False
Apartamento En Venta,BELLO APARTAMENTO EN AVENTURA PLAZA,"Avenida principal de Lechería, Diego Bautista Urbaneja, Lechería, Anzoategui",55000.0,75.0,75.0,2.0,2.0,1.0,False
Apartamento En Renta,"Hermoso Apartamento En La Mejor Zona De Lechería, Amoblado Y Equipado","Complejo Turístico el Morro, Diego Bautista Urbaneja, Lechería, Anzoategui",1500.0,90.0,90.0,2.0,2.0,2.0,True
Oficinas En Renta,Oficinas Centro Empresarial Colon,"Diego Bautista Urbaneja, Lechería, Anzoategui",650.0,57.0,57.0,,,,False
Galpon En Renta,Se Alquila Galpón En Lechería,"Arismendi, Diego Bautista Urbaneja, Lechería, Anzoategui",3000.0,800.0,800.0,,,,False
Apartamento En Venta,"En Venta Hermoso Apartamento En Res. Nicole Suites, Excelente Ubicacion","Calle arismendi, Diego Bautista Urbaneja, Lechería, Anzoategui",85000.0,173.0,173.0,5.0,3.0,2.0,False
Local En Renta,LOCAL CC ANNA,"avenida principal lecheria, Diego Bautista Urbaneja, Lechería, Anzoategui",500.0,50.0,50.0,,,,False
Local En Venta,Centro Comercial Palm Beach,"arismendi, Diego Bautista Urbaneja, Lechería, Anzoategui",70000.0,27.0,27.0,,,,False
Casa En Venta,CASA EN VENTA C.R CASAS BOTE B,"Octavio Camejo, Diego Bautista Urbaneja, Lechería, Anzoategui",220000.0,190.0,190.0,,,,False
Casa En Renta,CASA EN ALQUILERC.R CASAS BOTE B,"Octavio Camejo, Diego Bautista Urbaneja, Lechería, Anzoategui",1300.0,190.0,190.0,,,,False
Apartamento En Venta,Apartamento En Venta Residencias Karla Valentina Lecharía Anzoátegui,"Playa mansa Av. BOULEVARD, con Avenida piritu urbanización el morro, Diego Bautista Urbaneja, Lechería, Anzoategui",65000.0,125.0,125.0,,,,False
Apartamento En Venta,Moderno Y Acojedor Apartamento En El Conjunto Residencial Albacora,"Av. Libertad, Diego Bautista Urbaneja, Lechería, Anzoategui",150000.0,0.0,180.0,,,,False
Apartamento En Renta,Amplio Apartamento En Alquiler En El Conjunto Residencial Isla Marina,"Av. La Costa, Diego Bautista Urbaneja, Lechería, Anzoategui",2000.0,0.0,168.0,4.0,3.0,1.0,True
Apartamento En Venta,CONJUNTO RESIDENCIAL PLAYA MAR - CÁLIDA VISTA AL MAR.,"Avenida principal aguavilla lecheria, Diego Bautista Urbaneja, Lechería, Anzoategui",89000.0,106.0,106.0,,,,False
Apartamento En Venta,Hermoso Apartamento En El Conjunto Residencial Pueblo Viejo,"AV. AMÉRICO VESPUCIO, Diego Bautista Urbaneja, Lechería, Anzoategui",60000.0,56.0,58.0,1.0,1.0,1.0,False
Apartamento En Venta,El Hogar Que Sueñas En La Ciudad De Lecheria,"Arismendi, Diego Bautista Urbaneja, Lechería, Anzoategui",95000.0,100.0,100.0,3.0,3.0,2.0,True
Local En Renta,Local Comercial Con Excelente Ubicación Centro Comercial Aventura Plaza,"Avenida Principal, Diego Bautista Urbaneja, Lechería, Anzoategui",250.0,10.0,10.0,,,,False
Town House En Renta,Remodelada Y A Estrenar TH En Puerto Príncipe En Alquiler,"Diego Bautista Urbaneja, Lechería, Anzoategui",800.0,125.0,125.0,3.0,2.0,1.0,True
Town House En Venta,Remodelada Y A Estrenar TH En Puerto Principe En Venta,"Puerto Principe, Diego Bautista Urbaneja, Lechería, Anzoategui",117000.0,125.0,125.0,3.0,2.0,1.0,True
Apartamento En Venta,Cómodo Apartamento En Venta Planta Baja,"Sector el Peñonal, Diego Bautista Urbaneja, Lechería, Anzoategui",45000.0,75.0,75.0,,,,False
Local En Renta,Local Centro Comercial Armas,"calle 5, Diego Bautista Urbaneja, Lechería, Anzoategui",250.0,16.0,16.0,,,,False
Apartamento En Renta,CONJUNTO RESIDENCIAL MARINA MAR,"SECTOR LA PENINSULA, Diego Bautista Urbaneja, Lechería, Anzoategui",180.0,229.0,229.0,,,,False
Town House En Venta,CONJUNTO RESIDENCIAL VILLA MARTINIQUE,"AVENIDA R-16, Diego Bautista Urbaneja, Lechería, Anzoategui",95000.0,125.0,125.0,3.0,3.0,2.0,True
Apartamento En Renta,RESIDENCIAS PELICANO,"AMERICO VESPUCIO, Diego Bautista Urbaneja, Lechería, Anzoategui",450.0,89.0,89.0,,,,False
Apartamento En Venta,SE Vende Apartamento En Playa Lido. Residencia La Esmeralda,"PLAYA LIDO, Diego Bautista Urbaneja, Lechería, Anzoategui",37000.0,43.0,43.0,1.0,1.0,1.0,False
Town House En Venta,Town House En Venta En El Conjunto Residencial Cayo De Agua,"AMERICO VESPUCIO, Diego Bautista Urbaneja, Lechería, Anzoategui",130000.0,140.0,140.0,4.0,3.0,1.0,True
Apartamento En Venta,Amplio Y Cómodo Apartamento Con Ubicación Estratégica,"Calle El Dorado, Diego Bautista Urbaneja, Lechería, Anzoategui",43000.0,87.0,87.0,,,,False
Apartamento En Renta,RESIDENCIAS ISAJOR,"calle nueva esparta cruce con calle la marina, Diego Bautista Urbaneja, Lechería, Anzoategui",300.0,55.0,55.0,,,,False
Apartamento En Venta,Inmueble De Lujo Con Acabados De Lujo,"Av Costanera, Diego Bautista Urbaneja, Lechería, Anzoategui",145000.0,99.0,99.0,,,,False
Town House En Venta,HERMOSA CASA EN PUERTO PRINCIPE,"AVENIDA CAMEJO OCTAVIO, Diego Bautista Urbaneja, Lechería, Anzoategui",240000.0,121.0,250.0,4.0,4.0,1.0,False
Apartamento En Venta,"A Estrenar Con Acabados De Primera, En Lecheria","Av Costanera, Diego Bautista Urbaneja, Lechería, Anzoategui",55000.0,86.0,86.0,,,,False
Oficinas En Venta,Oficina Corporativa En Torre BVC,"Avenida Intercomunal Jorge Rodriguez, Diego Bautista Urbaneja, Lechería, Anzoategui",930000.0,1.059,1.059,,,,False
Edificio En Venta,"En Alquiler, Local De 45mts, 1 P/E , 1 Baño","CALLES LAS PEÑAS, Diego Bautista Urbaneja, Lechería, Anzoategui",49500.0,45.0,45.0,,,,False
Local En Venta,"En Venta Local Comercial De 52 Mts, 1 Baños, 1 Puesto De Estacionamiento","Calle las Peñas, Diego Bautista Urbaneja, Lechería, Anzoategui",57500.0,52.0,52.0,,,,False
Casa Bote En Renta,CASA EN CASAS BOTE C,"Avenida Daniel Camejo Octavio, Diego Bautista Urbaneja, Lechería, Anzoategui",1100.0,140.0,140.0,3.0,4.0,2.0,False
Apartamento En Renta,APARTAMENTO VACACIONAL EN PUERTO PRINCIPE,"AVENIDA DANIEL CAMEJO OCTAVIO, Diego Bautista Urbaneja, Lechería, Anzoategui",70.0,70.0,70.0,2.0,2.0,2.0,True
Apartamento En Renta,APARTAMENTO VACACIONAL EN AVILAMARES,"AVENIDA R16, Diego Bautista Urbaneja, Lechería, Anzoategui",750.0,160.0,90.0,2.0,2.0,1.0,False
Town House En Renta,TOWNHOUSE EN ALQUILER VACACIONAL EN LECHERIA C.R VILLAS MARTINIQUE,"AV R-16, Diego Bautista Urbaneja, Lechería, Anzoategui",130.0,125.0,125.0,,,,False
Town House En Renta,TOWNHOUSE EN ALQUILER EN LECHERIA C.R VILLAS MARTINIQUE,"AV R-16, Diego Bautista Urbaneja, Lechería, Anzoategui",1100.0,125.0,125.0,3.0,3.0,0.0,False
Local En Venta,En Venta Local Comercial Ubicado En El C.C. PEÑON DEL FARO De Lecheria,"Sector Peñonal, Diego Bautista Urbaneja, Lechería, Anzoategui",25000.0,30.0,30.0,,,,False
Apartamento En Venta,"Apartamento Penhouse En Residencias Avenida, Puerto La Cruz","Principal de Lecheria, Diego Bautista Urbaneja, Lechería, Anzoategui",14000.0,111.0,111.0,,,,False
Apartamento En Renta,Apartamento Vacacional En El Exclusivo Conjunto Residencial Marina Del Rey,"Diego Bautista Urbaneja, Lechería, Anzoategui",100.0,0.0,66.0,2.0,2.0,2.0,True
Apartamento En Renta,APARTAMENTO EN PUEBLO VIEJO,"Avenida Americo Vespucio, Diego Bautista Urbaneja, Lechería, Anzoategui",900.0,72.0,72.0,2.0,2.0,2.0,False
Casa Bote En Venta,Venta Casa Bote C,"00, Diego Bautista Urbaneja, Lechería, Anzoategui",99500.0,206.0,120.0,,,,False
Town House En Venta,TownHouse En Venta En La Ciudad De Lechería En El CR. Costa Del Sol.,"R - 8, Diego Bautista Urbaneja, Lechería, Anzoategui",150000.0,135.0,134.0,3.0,3.0,2.0,True
Penthouse En Venta,PH En Residencia Karla - Valentina,"Avenida Blvd, Diego Bautista Urbaneja, Lechería, Anzoategui",145000.0,475.0,475.0,4.0,4.0,2.0,True
Apartamento En Renta,Apartamento En El C.R Entremares,"Las Palmeras, Diego Bautista Urbaneja, Lechería, Anzoategui",550.0,56.0,56.0,,,,False
Oficinas En Venta,En Venta Oficina En Centro Comercial Plaza Mayor,"Diego Bautista Urbaneja, Lechería, Anzoategui",40000.0,41.0,41.0,,,,False
Apartamento En Venta,En Venta Bello Apartamento En Costa Guaica,"Av. Costanera, Diego Bautista Urbaneja, Lechería, Anzoategui",42800.0,88.0,88.0,2.0,2.0,2.0,False
Apartamento En Venta,CONJUNTO RESIDENCIAL LAS SALINAS,"prolongacon arismendi, Diego Bautista Urbaneja, Lechería, Anzoategui",45000.0,86.0,86.0,,,,False
Apartamento En Venta,"Apartamento En Obra Avanzada ,Conjunto Residencial Azulejos","lecheria, Diego Bautista Urbaneja, Lechería, Anzoategui",33800.0,85.0,85.0,3.0,2.0,2.0,False
Apartamento En Renta,"Moderno Apartamento En El C.R Marina Del Rey, Lechería Anzoátegui","Complejo Turistico el Morro Lecheria, Diego Bautista Urbaneja, Lechería, Anzoategui",550.0,66.0,66.0,,,,False
Apartamento En Venta,Conjunto Residencial Rebecca,"lecheria, Diego Bautista Urbaneja, Lechería, Anzoategui",120000.0,228.0,228.0,4.0,3.0,3.0,False
Casa En Venta,En Venta Casa En El Prestigioso Conjunto Residencial Las Villas. Lechería.,"Avenida Daniel Camejo Octavio, Diego Bautista Urbaneja, Lechería, Anzoategui",480000.0,1.0,600.0,,,,False
Apartamento En Venta,Hermoso Y Amplio Apartamento Amoblado Y Equipado Ubicado En Lechería,"Avenida R-8, Diego Bautista Urbaneja, Lechería, Anzoategui",260000.0,148.0,148.0,,,,False
Apartamento En Renta,Amplio Apartamento Planta Baja En Exclusivo Conjunto Residencial Siete Mares,"av r-8, Diego Bautista Urbaneja, Lechería, Anzoategui",1580.0,145.0,145.0,3.0,3.0,2.0,False
Apartamento En Venta,Apartamento En Venta Conjunto Residencial Venecia Lechera,"Avenida Nueva Esparta, cruce con Cerro Sur, sector Venecia Lecheria, Diego Bautista Urbaneja, Lechería, Anzoategui",28000.0,85.0,85.0,,,,False
Apartamento En Venta,"Lechería, Res. Vista Bella. Av. Bolívar.","calle arismendi, Diego Bautista Urbaneja, Lechería, Anzoategui",130000.0,255.0,255.0,4.0,4.0,2.0,False
Apartamento En Renta,"En Alquiler Apartamento En Res, Coral Suites Con Excelente Ubicacion","av guzman lander, Diego Bautista Urbaneja, Lechería, Anzoategui",300.0,60.0,60.0,,,,False
Apartamento En Venta,Venta Hermoso Apartamento Conj Res Vistamar,"Intersección Av Jorge Rodríguez con la antigua via que conduce a Lecheria, Diego Bautista Urbaneja, Lechería, Anzoategui",19800.0,67.0,67.0,,,,False
Town House En Venta,CENTURY21 VENECIA OFRECE VENTA TH MODERNO NEVADA PALACE CONJUNTO EXCLUSIVO LEC,"NEVERI, Diego Bautista Urbaneja, Lechería, Anzoategui",190000.0,230.0,230.0,5.0,2.0,3.0,False
Apartamento En Venta,En Venta Apartamento En Lechería. C.R. Puerto Banus,"AV R16, Diego Bautista Urbaneja, Lechería, Anzoategui",46000.0,72.0,72.0,2.0,2.0,1.0,True
Local En Venta,LOCAL EN VENTA O ALQUILER NEGOCIABLE,"peñon del faro, Diego Bautista Urbaneja, Lechería, Anzoategui",26000.0,10.0,24.0,,,,False
Apartamento En Venta,VENTA DE APARTAMENTO VILLASOL SUITES GOLF & BEACH,"AV AMERICO VESPUCIO, Diego Bautista Urbaneja, Lechería, Anzoategui",40000.0,53.0,53.0,,,,False
Apartamento En Venta,En Venta Apartamento En C.R Chimana Grande,"Avenida intercomunal, Diego Bautista Urbaneja, Lechería, Anzoategui",20000.0,81.0,81.0,3.0,2.0,1.0,False
Apartamento En Venta,Resedencia Flamingo,"R16, Diego Bautista Urbaneja, Lechería, Anzoategui",55000.0,70.0,70.0,,,,False
Casa En Venta,"VENDO CASA EN CASAS BOTE A, Sector Aquavilla","Sector Aquavilla, Diego Bautista Urbaneja, Lechería, Anzoategui",220000.0,203.0,196.0,,,,False
Casa En Renta,Villa Ideal Para Vacacionar,"Avenida Camejo Octavio, Diego Bautista Urbaneja, Lechería, Anzoategui",1150.0,1.0,1.7,,,,False
Local En Venta,Local Comercial El Peñon,"peñon del faro, Diego Bautista Urbaneja, Lechería, Anzoategui",26000.0,21.0,21.0,,,,False
Apartamento En Venta,Apartamento Lecheria,"ARISMENDI, Diego Bautista Urbaneja, Lechería, Anzoategui",80000.0,125.0,125.0,,,,False
Apartamento En Venta,VENTA DE PRESTIGISO APARTAMENTO EN LAS MARINAS LECHERIAS,"COMPLEJOTURISTICO EL MORRO, Diego Bautista Urbaneja, Lechería, Anzoategui",125000.0,112.0,112.0,,,,False
Apartamento En Venta,CENTURY21 VENECIA OFRECE APARTAMENTO VENTA PLANTA BAJA C.R LAS MARINAS LECHERIA,"avenida r8, Diego Bautista Urbaneja, Lechería, Anzoategui",110000.0,90.0,90.0,2.0,2.0,1.0,False
Apartamento En Venta,COMODO APARTAMENTO EN VENTA LECHERIA,"AV R16, Diego Bautista Urbaneja, Lechería, Anzoategui",45000.0,52.0,52.0,1.0,1.0,1.0,True
Casa En Venta,CENTURY21 VENECIA OFRECE VENTA CASA LAS VILLAS CAMPO DE GOLF REMODELADA 440000,"LAS VILLAS LECHERIA, Diego Bautista Urbaneja, Lechería, Anzoategui",440000.0,1.084,450.0,,,,False
Apartamento En Renta,Se Alquila Apartamento Res. Villamar,"sector Cerro El Morro, Diego Bautista Urbaneja, Lechería, Anzoategui",400.0,70.0,70.0,1.0,1.0,1.0,True
Apartamento En Venta,APARTAMENTO EN VENTA EN LECHERIA CR ENTREMARES,"AV AMERICO VESPUCIO, Diego Bautista Urbaneja, Lechería, Anzoategui",65000.0,41.0,41.0,,,,False
Apartamento En Renta,APARTAMENTO EN ALQUILER VACACIONAL EN LECHERIA CR ENTREMARES,"AV AMERICO VESPUCIO, Diego Bautista Urbaneja, Lechería, Anzoategui",100.0,41.0,41.0,1.0,1.0,1.0,True
Local En Renta,Local Comercial En Alquiler En Lechería AV Anozategui,"av anzoategui, Diego Bautista Urbaneja, Lechería, Anzoategui",1500.0,186.0,186.0,,,,False
Casa En Venta,CASAS BOTES C,"Diego Bautista Urbaneja, Lechería, Anzoategui",280000.0,203.0,194.0,5.0,4.0,3.0,False
Apartamento En Renta,Conveniente Y Exclusivo Apartamento En El Conjunto Residencial Villa Solarieaga,"Av. Americo Vespucio, Diego Bautista Urbaneja, Lechería, Anzoategui",300.0,0.0,41.0,1.0,1.0,1.0,True
Local En Renta,Alquiler Local Comercial 40 M2 Avenida Principal De Lecheria,"Av principal de Lecheria, Diego Bautista Urbaneja, Lechería, Anzoategui",500.0,40.0,40.0,,,,False
Apartamento En Venta,"Apartamento En El Conjunto Residencial Terrazas Del Sol, Sector Pascal","Av. Intercomunal, Diego Bautista Urbaneja, Lechería, Anzoategui",25000.0,95.0,95.0,,,,False
Town House En Venta,Town House En Pueblo Viejo,"Americo Vespucio, Diego Bautista Urbaneja, Lechería, Anzoategui",230000.0,56.0,126.0,3.0,2.0,1.0,False
Apartamento En Venta,En Venta Cómodo Apartamento Con Hermosa Vista,"Sector Cerro Sur, Diego Bautista Urbaneja, Lechería, Anzoategui",60000.0,82.0,82.0,,,,False
Apartamento En Venta,APARTAMENTO DUPLEX C R TERRAMAR LECHERIA,"AVENIDA AMERICO VESPUCIO, Diego Bautista Urbaneja, Lechería, Anzoategui",190000.0,75.0,150.0,4.0,3.0,2.0,False
Casa Bote En Venta,Hermosa Casa Bote En El Sector C,"Av Camejo Octavio, Diego Bautista Urbaneja, Lechería, Anzoategui",230000.0,212.0,280.0,4.0,4.0,2.0,False
Apartamento En Renta,Lujoso Apartamento Ubicado En Las Residencias LAS CANOAS,"Avenida Américo Vespucio, Diego Bautista Urbaneja, Lechería, Anzoategui",3500.0,352.0,352.0,3.0,4.0,3.0,True
Casa En Venta,CASA BOTE B EN VENTA LECHERIA C.T EL MORRO,"Octavio Camejo, Diego Bautista Urbaneja, Lechería, Anzoategui",300000.0,364.0,364.0,,,,False
Apartamento En Venta,HERMOSO TOWN HOUSE CON MUELLE PROPIO EN ALQUILER VACACIONAL LECHERIA,"AV R16, Diego Bautista Urbaneja, Lechería, Anzoategui",120.0,125.0,125.0,3.0,2.0,2.0,True
Apartamento En Renta,HERMOSO TOWN HOUSE CON MUELLE PROPIO EN ALQUILER LECHERIA,"AV R16, Diego Bautista Urbaneja, Lechería, Anzoategui",1100.0,125.0,125.0,3.0,2.0,2.0,True
Casa En Venta,HERMOSA CASA QUINTA TIPO VILLA EN VENTA LECHERIA.,"AV CAMEJO OCTAVIOLECHERIA, Diego Bautista Urbaneja, Lechería, Anzoategui",430000.0,357.0,1.037,2.0,6.0,0.0,True
Apartamento En Venta,"HERMOSO APARTAMENTO, AMOBLADO Y EQUIPADO DE LUJO LECHERIA.","AV R8, Diego Bautista Urbaneja, Lechería, Anzoategui",365000.0,220.0,220.0,4.0,4.0,2.0,True
Town House En Venta,TOWN HOUSE 3 NIVELES VISTA AL MAR EN VENTA LECHERIA,"AV AMERICO VESPUCIO, Diego Bautista Urbaneja, Lechería, Anzoategui",340000.0,250.0,250.0,4.0,4.0,3.0,True
Local En Renta,ESTRATEGICO LOCAL COMERCIAL EN ALQUILER LECHERIA,"COMPLEJO TURISTICO EL MORRO, Diego Bautista Urbaneja, Lechería, Anzoategui",400.0,28.0,28.0,,,,False
Local En Renta,LOCAL COMERCIAL EN ALQUILER LECHERIA,"AV AMERICO VESPUCIO, Diego Bautista Urbaneja, Lechería, Anzoategui",400.0,28.0,28.0,,,,False
Apartamento En Venta,HERMOSO TOWN HOUSE CON MUELLE PROPIO EN VENTA LECHERIA,"AV R16, Diego Bautista Urbaneja, Lechería, Anzoategui",135000.0,125.0,125.0,3.0,2.0,2.0,True
Apartamento En Renta,Alquiler Vacacional En Lecheria Con Excelente Ubicacion,"Calle Arismendi, Diego Bautista Urbaneja, Lechería, Anzoategui",70.0,57.0,57.0,1.0,1.0,1.0,True
Apartamento En Venta,Apartamento Con Vista Al Mar,"Boulevard Playa Lido, Diego Bautista Urbaneja, Lechería, Anzoategui",37000.0,65.0,65.0,1.0,2.0,1.0,True
Casa En Renta,Casa En Alquiler,"Completo turistico el morro, Diego Bautista Urbaneja, Lechería, Anzoategui",1000.0,202.0,196.0,,,,False
Apartamento En Venta,EN VENTA HERMOSO APARTAMENTO EN EL C.R. FRANCISQUI,"AV. Américo Vespucio, Diego Bautista Urbaneja, Lechería, Anzoategui",450000.0,276.0,276.0,,,,False
Apartamento En Venta,Apartamento En Venta Lechería C R Thai,"R-8, Diego Bautista Urbaneja, Lechería, Anzoategui",85000.0,70.0,70.0,3.0,2.0,2.0,False
Apartamento En Venta,HERMOSO Y MODERNO APARTAMENTO EN VENTA LECHERIA,"AV LA COSTA, Diego Bautista Urbaneja, Lechería, Anzoategui",120000.0,93.0,93.0,2.0,2.0,1.0,True
Apartamento En Venta,En Venta Hermoso Apartamento En El Conjunto Residencial ( Palma Real ),"Av Bolivar, Diego Bautista Urbaneja, Lechería, Anzoategui",72000.0,114.0,114.0,3.0,2.0,2.0,False
Apartamento En Renta,Apartamento En Alquiler. Lechería. Estado Anzoátegui.,"Calle el Parque con Calle Arismendi, Diego Bautista Urbaneja, Lechería, Anzoategui",500.0,0.0,85.0,,,,False
Apartamento En Venta,Apartamento En Av. Bolivar Residencias Karol.,"Bolivar, Diego Bautista Urbaneja, Lechería, Anzoategui",70000.0,100.0,100.0,,,,False
Apartamento En Renta,Apartamento En Planta Baja Amoblado Y Equipado,"Avenida R8, Diego Bautista Urbaneja, Lechería, Anzoategui",100.0,72.0,72.0,3.0,2.0,1.0,True
Apartamento En Venta,Hermoso Y Moderno Apartamento De 2 Habitaciones Frente Al Mar Playa Lido,"Calle Pobre Negro, Diego Bautista Urbaneja, Lechería, Anzoategui",95000.0,72.0,72.0,,,,False
Apartamento En Renta,APARTAMENTO EN ALQUILER EN LECHERIA C.R VILLASOL SUITES,"AV AMERICO VESPUCIO, Diego Bautista Urbaneja, Lechería, Anzoategui",500.0,135.0,135.0,,,,False
Town House En Venta,TOWNHOUSE LAS MARINAS,"R-8, Diego Bautista Urbaneja, Lechería, Anzoategui",420000.0,390.0,390.0,,,,False
Local En Renta,"Se Alquila Local Comercial En Alquiler,En El Centro Comecial (G)","Calle las Peñas, Diego Bautista Urbaneja, Lechería, Anzoategui",250.0,22.0,22.0,,,,False
Local En Renta,Casa De Uso Comercial En Lecheria,"Calla Númro 4 con carrera 7 y 8, Diego Bautista Urbaneja, Lechería, Anzoategui",2000.0,0.0,270.0,,,,False
Town House En Renta,"Casa En Alquiler En Pueblo Viejo,","Pueblo Viejo, Diego Bautista Urbaneja, Lechería, Anzoategui",1000.0,150.0,150.0,3.0,3.0,1.0,False
Oficinas En Venta,En Venta Local Oficina En Lechería,"Av. Principal Lechería. C.C Plaza Mayor, Diego Bautista Urbaneja, Lechería, Anzoategui",45000.0,65.0,65.0,,,,False
Oficinas En Renta,En Alquiler Local Oficina En Lechería,"Av. Principal Lechería. C.C Plaza Mayor, Diego Bautista Urbaneja, Lechería, Anzoategui",400.0,65.0,65.0,,,,False
Apartamento En Renta,APARTAMENTO EN ALQUILER EN LECHERIA C.R EL CARDON,"EL MORRO, Diego Bautista Urbaneja, Lechería, Anzoategui",500.0,101.0,101.0,,,,False
Oficinas En Renta,Alquiler Mensual Oficina Administrativa,"Calle Cesar Pereira, Diego Bautista Urbaneja, Lechería, Anzoategui",750.0,95.0,95.0,,,,False
Casa En Venta,"Casa En Venta En Marina Club, Lechería","Av R8, Diego Bautista Urbaneja, Lechería, Anzoategui",259000.0,327.0,187.0,4.0,3.0,3.0,False
Town House En Venta,Bello Townhouse En Venta En Aguamarina,"Av. Daniel Camejo Obtaviano calle R-9, Diego Bautista Urbaneja, Lechería, Anzoategui",83000.0,103.0,103.0,3.0,2.0,2.0,True
Apartamento En Venta,APARTAMENTO EN VENTA LECHERIA C R PUERTO BANUS,"Av. R16, Diego Bautista Urbaneja, Lechería, Anzoategui",55000.0,82.0,82.0,3.0,3.0,2.0,True
Oficinas En Venta,Oficina Moderna En La Torre BVC,"Diego Bautista Urbaneja, Lechería, Anzoategui",135000.0,0.0,201.0,,,,False
Casa En Venta,Casa El Araguaney,"El Araguaney, Diego Bautista Urbaneja, Lechería, Anzoategui",125000.0,456.0,300.0,,,,False
Apartamento En Venta,EN VENTA APARTAMENTO EN EL C.R. PLAZA MARINA,"Av. Americo Vespucio, Diego Bautista Urbaneja, Lechería, Anzoategui",45000.0,56.0,56.0,,,,False
Town House En Venta,Estupendo Inmueble En El Cotizado Conjunto Residencial Pueblo Viejo:,"pueblo viejo, Diego Bautista Urbaneja, Lechería, Anzoategui",220000.0,183.0,140.0,3.0,2.0,1.0,False
Local En Venta,Century21 Ofrece Local Comercial En El Centro Comercial Mar Azul.,"Diego Bautista Urbaneja, Diego Bautista Urbaneja, Lechería, Anzoategui",250000.0,150.0,150.0,,,,False
Apartamento En Venta,Se Ofrece En Venta Apartamento De Residencia Las Hernandas,"Av.Bolivar, lecheria, Diego Bautista Urbaneja, Lechería, Anzoategui",28.0,42.0,42.0,,,,False
Negocio En Renta,Local En Alquiler En El C.C PLAZA MAYOR,"Av. Diego Bautista Urbaneja, Diego Bautista Urbaneja, Lechería, Anzoategui",300.0,28.0,28.0,,,,False
Town House En Renta,TOWN HOUSE 3 NIVELES EN ALQUILER,"PUEBLO VIEJO, Diego Bautista Urbaneja, Lechería, Anzoategui",1000.0,117.0,117.0,3.0,3.0,1.0,True
Town House En Venta,TOWN HOUSE EN VENTA EN LECHERIA,"AV OCTAVIO CAMEJO, Diego Bautista Urbaneja, Lechería, Anzoategui",85000.0,162.0,162.0,1.0,3.0,120.0,True
Casa En Venta,CASA 3 NIVELES EN VENTA,"AV AMERICO VESPUCIO, Diego Bautista Urbaneja, Lechería, Anzoategui",125000.0,155.0,155.0,3.0,3.0,2.0,True
Town House En Venta,EN VENTA TOWN HOUSE EN EL CONJUNTO RESIDENCIAL PUEBLO VIEJO,"Complejo turístico el Morro, Diego Bautista Urbaneja, Lechería, Anzoategui",250000.0,148.0,148.0,,,,False
Apartamento En Venta,HERMOSO APARTAMENTO EN VENTA,"AV BOULEVARD, Diego Bautista Urbaneja, Lechería, Anzoategui",77000.0,62.0,62.0,2.0,2.0,2.0,True
Casa En Venta,HERMOSA CASA QUINTA EN VENTA,"AV AMERICO VESPUCIO, Diego Bautista Urbaneja, Lechería, Anzoategui",380000.0,420.0,253.0,,,,False
Town House En Renta,HERMOSO TOWN HOUSE EN ALQUILER VACACIONAL,"AV AMERICO VESPUCIO, Diego Bautista Urbaneja, Lechería, Anzoategui",120.0,117.0,117.0,3.0,3.0,0.0,True
Apartamento En Renta,HERMOSO Y COMODO APARTAMENTO EN ALQUILER,"MARINA MAR, Diego Bautista Urbaneja, Lechería, Anzoategui",600.0,93.0,93.0,2.0,2.0,1.0,False
Casa En Venta,AMPLIA CASA EN VENTA LECHERIA,"SECTOR MORRO 1, Diego Bautista Urbaneja, Lechería, Anzoategui",295000.0,975.0,975.0,,,,False
Apartamento En Venta,AMPLIO APARTAMENTO TIPO ESTUDIO EN VENTA,"PUERTO PRINCIPE, Diego Bautista Urbaneja, Lechería, Anzoategui",32000.0,62.0,62.0,1.0,1.0,1.0,True
Apartamento En Venta,Hermoso Apartamento Dúplex En Isla Paraíso Lechería,"COMPLEJO TURÍSTICO EL MORRO, Diego Bautista Urbaneja, Lechería, Anzoategui",140000.0,114.0,114.0,,,,False
Apartamento En Venta,CENTURY21 VENECIA OFRECE APARTAMENTO DUPLEX ISLA IDHRA C.R PUEBLO VIEJO 90.000,"av americo vespucio, Diego Bautista Urbaneja, Lechería, Anzoategui",90000.0,108.0,108.0,3.0,2.0,1.0,False
Apartamento En Renta,APARTAMENTO AMOBLADO Y EQUIPADO EN ALQUILER,"R-16, Diego Bautista Urbaneja, Lechería, Anzoategui",550.0,66.0,66.0,2.0,2.0,1.0,False
Apartamento En Venta,APARTAMENTO AMOBLADO Y EQUIPADO EN VENTA,"R-16, Diego Bautista Urbaneja, Lechería, Anzoategui",63000.0,66.0,66.0,2.0,2.0,1.0,False
Apartamento En Venta,APARTAMENTO EN VENTA SOLARENA NORTE,"Arismendi, Diego Bautista Urbaneja, Lechería, Anzoategui",85000.0,130.0,130.0,,,,False
Apartamento En Venta,Hermoso Y Amplio Apartamento Ubicado En El Conjunto Residencial Valle Canal,"Arismendi, Diego Bautista Urbaneja, Lechería, Anzoategui",50000.0,102.0,102.0,2.0,2.0,1.0,True
Local En Renta,EN ALQUILER LOCA EN EL CENTRO EMPRESARIAL. MAR PACIFICO,"Plaza el Parque, Diego Bautista Urbaneja, Lechería, Anzoategui",800.0,40.0,40.0,,,,False
Local En Venta,EN VENTA CONCESIONARIO ASSA ORIENTE,"AV. PRINCIPAL, Diego Bautista Urbaneja, Lechería, Anzoategui",3000000.0,4.0,4.0,,,,False
Casa En Venta,HERMOSA CASA EN VENTA EN EL CONJUNTO RESIDENCIAL LAS VILLAS,"Av. Diego Bautista Urbaneja, Diego Bautista Urbaneja, Lechería, Anzoategui",1000000.0,1.45,1.45,,,,False
Local En Renta,IDEAL LOCAL COMERCIAL EN ALQUILER EN EL C.E. MAR PACIFICO,"Plaza el Parque, Diego Bautista Urbaneja, Lechería, Anzoategui",380.0,28.0,28.0,,,,False
Apartamento En Renta,COMODO ALQUILER EN PRINCIPAL DE LECHERIA PARA EJECUTIVOS RESIDENCIAS MAYA,"Diego Bautista Urbaneja, Diego Bautista Urbaneja, Lechería, Anzoategui",330.0,113.0,113.0,,,,False
Casa En Venta,HERMOSA CASA EN EL C.R. LAS VILLAS EN VENTA,"Av. Daniel Octavio Camejo, Diego Bautista Urbaneja, Lechería, Anzoategui",1600000.0,1.445,870.0,,,,False
Apartamento En Venta,"Se Ofrece En Venta Apartamento Con Vista Al Mar,Conjunto Residencial Villamar","Complejo turistico el Morro, Diego Bautista Urbaneja, Lechería, Anzoategui",49600.0,70.0,70.0,,,,False
Apartamento En Venta,"Acogedor Apartamento En El CONJUNTO RESIDENCIAL DORAL BEACH, Puerto La Cruz.","AV. AMERICO VESPUCIO, Diego Bautista Urbaneja, Lechería, Anzoategui",25000.0,95.0,95.0,3.0,2.0,1.0,False
Apartamento En Venta,CORAL PLAZA APARTAMENTO EN VENTA,"avenida américo Vespucio, Diego Bautista Urbaneja, Lechería, Anzoategui",75000.0,137.0,137.0,3.0,3.0,2.0,False
Apartamento En Venta,PUERTO BANUS LECHERIA,"R-16, Diego Bautista Urbaneja, Lechería, Anzoategui",52500.0,76.0,76.0,,,,False
Town House En Venta,EN VENTA TOWNHOUSE EN OBRA GRIS,"avenida araguaney, Diego Bautista Urbaneja, Lechería, Anzoategui",120000.0,494.0,250.0,,,,False
Apartamento En Renta,Se Alquila Hermoso Apartamento,"avenida Guzman Lander, Diego Bautista Urbaneja, Lechería, Anzoategui",280.0,35.0,35.0,1.0,1.0,1.0,False
Apartamento En Renta,En Alquiler Vacacional O Por Dias En Lecheria,"Diego Bautista Urbaneja, Lechería, Anzoategui",60.0,47.0,47.0,1.0,1.0,1.0,True
Casa En Venta,Se Vende Amplia Casa En La Calle Arismendi De Lecheria,"ARISMENDI, Diego Bautista Urbaneja, Lechería, Anzoategui",220000.0,450.0,450.0,,,,False
Casa En Venta,En Venta Hermoso Palafito En Casas Bote B,"Diego Bautista Urbaneja, Lechería, Anzoategui",285000.0,254.0,194.0,4.0,3.0,4.0,True
Apartamento En Renta,AMPLIO APARTAMENTO EN ALQUILER VACACIONAL LECHERIA C R CORAL CLUB,"Diego Bautista Urbaneja, Lechería, Anzoategui",80.0,115.0,115.0,,,,False
Penthouse En Venta,APARTAMENTO EN VENTA EN LECHERIA C R KARLA VALENTINA PLAYA MANSA LECHERIA,"Av Boulevar, Diego Bautista Urbaneja, Lechería, Anzoategui",250000.0,250.0,250.0,5.0,5.0,2.0,True
Casa Bote En Venta,CASA BOTE B EN VENTA LECHERIA,"Octavio Camejo, Diego Bautista Urbaneja, Lechería, Anzoategui",350000.0,364.0,364.0,5.0,5.0,2.0,True
Oficinas En Venta,OFICINA EN VENTA C C LA RESERVE LECHERIA,"CALLE GUAICAIPURO, Diego Bautista Urbaneja, Lechería, Anzoategui",250000.0,160.0,160.0,,,,False
Apartamento En Venta,APARTAMENTO EN VENTA EN OBRA GRIS RES. MONARCA LECHERIA,"AVENIDA BOULEVAR, Diego Bautista Urbaneja, Lechería, Anzoategui",100000.0,110.0,110.0,3.0,2.0,2.0,False
Apartamento En Venta,APARTAMENTO EN VENTA LECHERIA C R DINASTIA SUITES LECHERIA,"CASCO CENTRAL, Diego Bautista Urbaneja, Lechería, Anzoategui",150000.0,280.0,280.0,3.0,3.0,3.0,True
Casa En Venta,CASA EN VENTA USO COMERCIAL Y RESIDENCIAL SECTOR LAS GARZAS LECHERIA,"Av. Intercomunal Jorge Rodríguez, Diego Bautista Urbaneja, Lechería, Anzoategui",95000.0,503.0,281.0,,,,False
Apartamento En Venta,EN VENTA APARTAMENTO EN LECHERIA EDIF. RORAIMA SUITES,"AVENIA BOLIVAR, Diego Bautista Urbaneja, Lechería, Anzoategui",90000.0,110.0,110.0,3.0,2.0,2.0,False
Apartamento En Venta,APARTAMENTO EN VENTA EN LECHERIA EDIF. COSTA BRAVA,"CASCO CENTRAL, Diego Bautista Urbaneja, Lechería, Anzoategui",110000.0,110.0,110.0,3.0,2.0,2.0,True
Local En Renta,LOCAL COMERCIAL EN ALQUILER LECHERIA ANCORA CENTRO EMPRESARIAL,"AVENIDA PRINCIPAL DE LECHERIA, Diego Bautista Urbaneja, Lechería, Anzoategui",450.0,40.0,40.0,,,,False
Local En Renta,LOCAL COMERCIAL EN ALQUILER LECHERIA ANCORA CENTRO EMPRESARIAL,"AVENIDA PRINCIPAL DE LECHERIA, Diego Bautista Urbaneja, Lechería, Anzoategui",450.0,35.0,35.0,,,,False
Local En Renta,LOCAL COMERCIAL EN ALQUILER LECHERIA ANCORA CENTRO EMPRESARIAL,"AVENIDA PRINCIPAL DE LECHERIA, Diego Bautista Urbaneja, Lechería, Anzoategui",550.0,44.0,44.0,,,,False
Casa En Venta,CASA BOTE C LECHERIA VENTA,"CAMEJO OCTAVIO, Diego Bautista Urbaneja, Lechería, Anzoategui",390000.0,200.0,400.0,4.0,5.0,3.0,True
Apartamento En Venta,APARTAMENTO EN VENTA RES. MONARCA LECHERIA,"AVENIDA BOULEVARD, Diego Bautista Urbaneja, Lechería, Anzoategui",120000.0,110.0,110.0,3.0,2.0,2.0,False
Apartamento En Venta,APARTAMENTO EN VENTA RES. MONARCA LECHERIA,"AVENIDA BOULEVARD, Diego Bautista Urbaneja, Lechería, Anzoategui",432000.0,362.0,362.0,6.0,6.0,2.0,True
Apartamento En Venta,En Venta Apartamento En El CR Dinastía III,"Av. Bolivar, Diego Bautista Urbaneja, Lechería, Anzoategui",68000.0,72.0,72.0,1.0,2.0,1.0,False
Apartamento En Renta,Alquiler Vacacional Con Hermosa Vista Al Mar,"AV BOULEVARD LIDO, Diego Bautista Urbaneja, Lechería, Anzoategui",60.0,43.0,43.0,0.0,1.0,1.0,True
Casa En Venta,CASA EN VENTA EN LECHERIA C R LAS VILLAS,"AVENIDA AMERICO VESPUCIO, Diego Bautista Urbaneja, Lechería, Anzoategui",950000.0,1.2,1.07,,,,False
Casa En Renta,CASA EN ALQUILER EN LECHERIA C R LAS VILLAS,"AVENIDA AMERICO VESPUCIO, Diego Bautista Urbaneja, Lechería, Anzoategui",5000.0,1.2,1.07,,,,False
Oficinas En Renta,Exclusiva Oficina Moderna Y Amoblada Ubicada En El Centro Empresarial Y2K,"Av. Principal de lecheria, Diego Bautista Urbaneja, Lechería, Anzoategui",800.0,51.0,51.0,,,,False
Apartamento En Venta,Espectacular Carenero De Lujo 130m2,"R-16, Diego Bautista Urbaneja, Lechería, Anzoategui",275000.0,130.0,130.0,2.0,2.0,2.0,False
Apartamento En Renta,Acogedor Apartamento En Alquiler Vacacional Con Vista Al Mar En Francisqui,"Av Americo Vespucio, Diego Bautista Urbaneja, Lechería, Anzoategui",160.0,71.0,71.0,,,,False
Penthouse En Venta,"Hermoso, Amplio Y Lujoso PH DUPLEX, Ubicado En El Corazón De Lecheria.","CALLEJON LIBERTAD, DE LA CIUDAD DE LECHERIA, Diego Bautista Urbaneja, Lechería, Anzoategui",100000.0,150.0,150.0,,,,False
Town House En Venta,Townhouse En Venta En Lechería C.R Las Marinas Golf,"R-8, Diego Bautista Urbaneja, Lechería, Anzoategui",255000.0,273.0,273.0,4.0,4.0,2.0,True
Casa En Venta,Casa En Venta En Complejo Turístico El Morro CR Puerto Príncipe,"Diego Bautista Urbaneja, Lechería, Anzoategui",128000.0,125.0,217.0,,,,False
Apartamento En Venta,Apartamento En Venta En El CR Costa Dorada Con Vista Al Mar,"Lido, Diego Bautista Urbaneja, Lechería, Anzoategui",80000.0,68.0,69.0,2.0,2.0,1.0,True
Apartamento En Venta,"Apartamento En Venta CR Thai, Lecheria.","av r8, Diego Bautista Urbaneja, Lechería, Anzoategui",65000.0,70.0,70.0,3.0,2.0,1.0,True
Town House En Renta,Townhouse En Conjunto Residencial Costa Azul,"Av. Americo Vespucio, Diego Bautista Urbaneja, Lechería, Anzoategui",900.0,240.0,240.0,3.0,4.0,3.0,True
Apartamento En Renta,Apartamento En Alquiler En Lechería Residencias Kathy II,"Arismendi, Diego Bautista Urbaneja, Lechería, Anzoategui",600.0,160.0,160.0,,,,False
Apartamento En Venta,Venta De Apartamento,"Avenida la Costa, Diego Bautista Urbaneja, Lechería, Anzoategui",110000.0,90.0,72.0,2.0,2.0,0.0,True
Apartamento En Renta,"Apartamento En Alquiler En CR Las Marinas, Lecheria.","Av R-8 Lecheria, Diego Bautista Urbaneja, Lechería, Anzoategui",800.0,84.0,84.0,2.0,2.0,1.0,True
Apartamento En Renta,CONJUNTO RESIDENCIAL MARINA MAR,"avenida la costa, Diego Bautista Urbaneja, Lechería, Anzoategui",1300.0,229.0,229.0,,,,False
Oficinas En Venta,En Venta Oficina En Lechería,"Av. Principal de Lechería, Diego Bautista Urbaneja, Lechería, Anzoategui",50000.0,42.0,42.0,,,,False
Town House En Venta,Casa En Venta En Lechería,"AV AMERICO VESPUCIO, Diego Bautista Urbaneja, Lechería, Anzoategui",130000.0,186.0,186.0,3.0,2.0,1.0,True
Apartamento En Venta,Apartamento En El Conjunto Residencial Guaicamar I,"El Dorado, Diego Bautista Urbaneja, Lechería, Anzoategui",52000.0,87.0,87.0,3.0,2.0,2.0,True
Oficinas En Venta,"EN VENTA,OFICINA EN CENTRIO COMERCIAL G, CALLE PEÑONAL, LECHERIA","El Peñonal, Diego Bautista Urbaneja, Lechería, Anzoategui",19500.0,22.0,22.0,,,,False
Town House En Venta,Villa De 2 Niveles En Pueblo Viejo. Complejo Turístico El Morro De Lechería,"Avenida Américo Vespucio, Diego Bautista Urbaneja, Lechería, Anzoategui",125000.0,50.0,86.0,2.0,1.0,1.0,False
Apartamento En Venta,"Hermoso Y Amplio Apartamento En Casco Central, Lecheria","CASCO CENTRAL ENTRE CARRERA 3 Y 8, Diego Bautista Urbaneja, Lechería, Anzoategui",70000.0,120.0,120.0,,,,False
Apartamento En Venta,Apartamento Duplex Pueblo Viejo,"Pueblo Viejo, Diego Bautista Urbaneja, Lechería, Anzoategui",150000.0,158.0,158.0,3.0,4.0,2.0,False
Apartamento En Venta,Venta Apartamento Residencias Costa Guaica,"Avenida Costanera, Diego Bautista Urbaneja, Lechería, Anzoategui",49000.0,92.0,92.0,3.0,2.0,2.0,True
Casa Bote En Venta,Venta Casa Bote C,"Av. Daniel Camejo Octavio, Diego Bautista Urbaneja, Lechería, Anzoategui",82000.0,201.0,201.0,2.0,2.0,2.0,False
Town House En Venta,Moderno Town House Remodelado Y Amoblado,"Morro III, Diego Bautista Urbaneja, Lechería, Anzoategui",160000.0,150.0,150.0,4.0,2.0,2.0,False
Penthouse En Venta,Espectacular Pent House Con Vista Al Mar Residencia Laguna Vista,"Negro Primero, Diego Bautista Urbaneja, Lechería, Anzoategui",85000.0,204.0,145.0,3.0,3.0,2.0,False
Galpon En Venta,"Venta De Local, Tipo Galpón En Lechería Con Fondo De Comercio","C. La Peña, Lechería 6016, Anzoátegui, Diego Bautista Urbaneja, Lechería, Anzoategui",280.0,280.0,280.0,,,,False
Local En Venta,Excelente Oportunidad De Inversión En El Centro Comercial Y Empresarial Marima,"av. principal, Diego Bautista Urbaneja, Lechería, Anzoategui",30000.0,29.0,29.0,,,,False
Casa Bote En Venta,CASA BOTE C EN VENTA LECHERIA,"Octavio Camejo, Diego Bautista Urbaneja, Lechería, Anzoategui",230000.0,212.0,212.0,,,,False
Apartamento En Renta,ESPECTACULAR APARTAMENTO VACACIONAL AL FRENTE DEL MAR DE LIDO C.R MAR DE LEVA,"Complejo Turistico el Morro Lecheria, Diego Bautista Urbaneja, Lechería, Anzoategui",60.0,67.0,67.0,,,,False
Casa En Venta,OPORTUNIDAD EN CASAS BOTES C,"Principal, Diego Bautista Urbaneja, Lechería, Anzoategui",150000.0,200.0,300.0,,,,False
Apartamento En Venta,CONJUNTO RESIDENCIAL LAS MARINAS LECHERIA,"avenida R-8, Diego Bautista Urbaneja, Lechería, Anzoategui",110000.0,112.0,112.0,,,,False
Town House En Venta,"TOWNHOUSE VENTA ,CONJUNTO RESIDENCIAL PUERTO PRINCIPE","Av. R-7, Diego Bautista Urbaneja, Lechería, Anzoategui",110000.0,121.0,121.0,3.0,2.0,1.0,False
Apartamento En Renta,APARTAMENTO EN ALQUILER E EL EXCLUSIVO C.R. BABILONIA,"EL MORRO, Diego Bautista Urbaneja, Lechería, Anzoategui",350.0,56.0,56.0,,,,False
Apartamento En Venta,Le Ofrecemos Apartamento En Venta Res. Karina Lechería Piso 6,"LECHERIA AL FRENTE DE CASA DANNA, Diego Bautista Urbaneja, Lechería, Anzoategui",50.0,65.0,65.0,2.0,2.0,2.0,True
Apartamento En Venta,Se Ofrece En Venta Un Cómodo Apartamento Ubicado En El Complejo Turístico,"Marina del rey Avenida R-16, Diego Bautista Urbaneja, Lechería, Anzoategui",40000.0,47.0,47.0,1.0,1.0,1.0,False
Local En Renta,Local Comercial En La Av. Principal De Lecheria En El C.E Y2K,"Av. Principal de lecheria, Diego Bautista Urbaneja, Lechería, Anzoategui",1500.0,102.0,102.0,,,,False
Apartamento En Renta,Alquiler Apartamento En Lecheria,"Calle Arismendi Sector Peñonal, Diego Bautista Urbaneja, Lechería, Anzoategui",350.0,56.0,56.0,,,,False
Oficinas En Renta,Comoda Oficina Equipada Y Amoblada,"Calle 1, Diego Bautista Urbaneja, Lechería, Anzoategui",600.0,75.0,75.0,,,,False
Apartamento En Renta,Disfruta De Unas Hermosas Vacaciones Con Vista Al Mar,"5, Diego Bautista Urbaneja, Lechería, Anzoategui",90.0,110.0,110.0,,,,False
Apartamento En Renta,Apartamento Con Vista Al Mar Con Acceso A La Playa,"Diego Bautista Urbaneja, Lechería, Anzoategui",60.0,42.0,42.0,1.0,1.0,1.0,True
Local En Renta,"Local Comercial C.C. Mar Pacífico, Piso 1 De 14m2 + Mezzanine, Lechería","Avenida Principal de Lechería, Diego Bautista Urbaneja, Lechería, Anzoategui",300.0,14.0,14.0,,,,False
Apartamento En Venta,APARTAMENTO EN VENTA PB ISLA MARINA LECHERIA,"Av la costa, Zona Hotelera, Cerro el morro, Diego Bautista Urbaneja, Lechería, Anzoategui",252000.0,164.0,164.0,,,,False
Casa En Venta,CASA EN VENTA TIPO VILLA LECHERIA,"Rio Viejo, Diego Bautista Urbaneja, Lechería, Anzoategui",630000.0,1.03,1.03,,,,False
Town House En Venta,VENTA DE TOWNHOUSE EN LECHERIA CAYO DE AGUA,"R-8, Diego Bautista Urbaneja, Lechería, Anzoategui",110000.0,170.0,170.0,3.0,3.0,2.0,False
Casa En Venta,Hermosa Casa En El Prestigioso Conjunto Residencial Las Villas,"1, Diego Bautista Urbaneja, Lechería, Anzoategui",450000.0,1.045,618.0,7.0,7.0,7.0,True
Apartamento En Venta,Bello Apartamento Tipo Estudio En Los Estudios - Lecheria,"calle 3 Casco Central, Diego Bautista Urbaneja, Lechería, Anzoategui",24000.0,34.0,34.0,1.0,1.0,1.0,False
Casa En Renta,Hermosa Y Acogedora Casa En Las Villas Para Unas Vacaciones Increíbles,"Las villas, Diego Bautista Urbaneja, Lechería, Anzoategui",1000.0,1.4,450.0,5.0,7.0,8.0,False
Casa Bote En Venta,Casa Bote Venta Lecheria Puerto La Cruz Inmobiliaria Century 21 Inverpropiedad,"SECTOR AQUAVILLA, Diego Bautista Urbaneja, Lechería, Anzoategui",230000.0,200.0,200.0,,,,False
Apartamento En Renta,Espectacular Apartamento Con Vista Al Mar En Alquiler Vacacional,"Diego Bautista Urbaneja, Lechería, Anzoategui",60.0,44.0,44.0,1.0,1.0,1.0,True
Town House En Renta,Espectacular Villa Con Vista De Los Canales Navegables Desde Su Propia Terraza,"Etapa 5, Diego Bautista Urbaneja, Lechería, Anzoategui",200.0,125.0,125.0,3.0,2.0,2.0,True
Apartamento En Venta,Cuenta Con Hermosa Vista Al Canal Navegable,"Diego Bautista Urbaneja, Lechería, Anzoategui",275000.0,130.0,130.0,,,,False
Town House En Renta,"Townhouse En CR Aguamarina, Lecheria.","av r9, Diego Bautista Urbaneja, Lechería, Anzoategui",500.0,118.0,118.0,,,,False
Apartamento En Venta,Apartamento Dúplex En El Conjunto Residencial Plaza Marina,"R-16, Diego Bautista Urbaneja, Lechería, Anzoategui",85000.0,108.0,108.0,,,,False
Town House En Venta,Moderno Townhouse En Venta En Exclusivo Conjunto Residencial,"Avenida Araguaney, Diego Bautista Urbaneja, Lechería, Anzoategui",155000.0,171.0,171.0,3.0,3.0,3.0,True
Apartamento En Venta,CLUB DE PLAYA MARINA & SPA,"Sector península, Diego Bautista Urbaneja, Lechería, Anzoategui",990000.0,375.0,375.0,,,,False
Casa Bote En Venta,Casa Bote A,"venecia, Diego Bautista Urbaneja, Lechería, Anzoategui",180000.0,225.0,220.0,,,,False
Apartamento En Renta,Apartamento En Alquiler En El Complejo Turístico El Morro C.R Marina Del Rey,"AV R-16, Diego Bautista Urbaneja, Lechería, Anzoategui",650.0,66.0,66.0,2.0,2.0,1.0,True
Apartamento En Renta,Apartamento En Alquiler Con Vista Al Mar CR La Esmeralda,"Lido, Diego Bautista Urbaneja, Lechería, Anzoategui",70.0,43.0,43.0,1.0,1.0,1.0,True
Apartamento En Venta,Bello Apartamento Frente A Playa Mansa En El Conjunto Residencial El Palmar 97m2,"Playa Mansa, Diego Bautista Urbaneja, Lechería, Anzoategui",96000.0,97.0,97.0,3.0,2.0,2.0,False
Casa En Venta,CASA BOTE B EN VENTA LECHERIA COMPLEJO TURISTICO EL MORRO,"AV OCTAVIO CAMEJO, Diego Bautista Urbaneja, Lechería, Anzoategui",410000.0,386.0,480.0,,,,False
Apartamento En Venta,APARTAMENTO EN VENTA LECHERIA RES. MONARCA,"BOULEVARD, Diego Bautista Urbaneja, Lechería, Anzoategui",170000.0,110.0,110.0,3.0,2.0,2.0,True
Apartamento En Venta,"Apartamento En El Conjunto Residencial Sol Suites, Calle Arismendi De Lechería","Arismendi, Diego Bautista Urbaneja, Lechería, Anzoategui",36000.0,47.0,47.0,,,,False
Apartamento En Renta,CONJUNTO RESIDENCIAL MARINA MAR,"avenida la costa, Diego Bautista Urbaneja, Lechería, Anzoategui",120.0,72.0,72.0,,,,False
Casa En Venta,CONJUNTO RESIDENCIAL LAS VILLAS,"octavio camejo, Diego Bautista Urbaneja, Lechería, Anzoategui",950000.0,1.164,805.0,,,,False
Galpon En Venta,EN VENTA IDEAL LOCAL COMERCIAL EN LA PRINCIPAL DELECHERIA,"AV. PRINCIPAL, Diego Bautista Urbaneja, Lechería, Anzoategui",3000000.0,4.0,4.0,,,,False
Apartamento En Venta,APARTAMENTO CR KARLA-VALENTINA,"Boulevard de playa mansa, Diego Bautista Urbaneja, Lechería, Anzoategui",210000.0,200.0,200.0,4.0,5.0,2.0,True
Casa En Venta,"Conjunto Residencial Las Villas, Casa Campo De Golf","Diego Bautista Urbaneja, Lechería, Anzoategui",590000.0,1.027,527.0,,,,False
Casa En Renta,CASA EN ALQUILER CR CASAS BOTE B,"AV OCTAVIO CAMEJO, Diego Bautista Urbaneja, Lechería, Anzoategui",2500.0,256.0,256.0,,,,False
Oficinas En Renta,Oficina Ubicada En El Edificio Torre BVC,"Av Intercomunal Jose Antonio Anzoategui ,, Diego Bautista Urbaneja, Lechería, Anzoategui",750.0,100.0,100.0,,,,False
Apartamento En Venta,Apartamento En Venta Conjunto Residencial Playa Mansa En Lecheria,"Calle 2 Con Carrera 6, Diego Bautista Urbaneja, Lechería, Anzoategui",300000.0,420.0,420.0,5.0,5.0,4.0,True
Apartamento En Venta,Conjunto Residencial Las Palmeras,"Av Tajali,, Diego Bautista Urbaneja, Lechería, Anzoategui",32000.0,51.0,51.0,,,,False
Apartamento En Venta,En Venta Apartamento Elegante Ubicado En Hermoso Conjunto Residencial Denev,"Calle Arismendi cruce con calle el Parque, Diego Bautista Urbaneja, Lechería, Anzoategui",80000.0,129.0,125.0,,,,False
Apartamento En Renta,APARTAMENTO EN ALQUILER EN LECHERIA C.R LAS MARINAS,"AV OCTAVIO CAMEJO, Diego Bautista Urbaneja, Lechería, Anzoategui",1000.0,160.0,160.0,4.0,4.0,1.0,True
Apartamento En Venta,Century21 Las Olas BR Ofrece Para Venta Apartamento En Res. La Tortuga,"Av Bolivar, Diego Bautista Urbaneja, Lechería, Anzoategui",92000.0,305.0,305.0,5.0,5.0,2.0,False
Town House En Venta,Century21 Las Olas BR Ofrece En Venta Hermoso Townhouse En Res. NEVADA PALACE,"avenida bolivar, convexa a calle neveri, Diego Bautista Urbaneja, Lechería, Anzoategui",248000.0,220.0,220.0,4.0,3.0,2.0,False
Town House En Venta,TownHouse Conjunto Residencial Bahia Mar,"Diego Bautista Urbaneja, Lechería, Anzoategui",105000.0,187.0,187.0,4.0,3.0,2.0,False
Apartamento En Venta,Conjunto Residencial Palmira - Lecheria,"Av. Americo Vespucio, Conector A, Diego Bautista Urbaneja, Lechería, Anzoategui",110000.0,110.0,110.0,,,,False
Casa En Venta,En Venta Amplia Casa En La Urbanizacion Rio Viejo,"AVENIDA PRINCIPAL RIO VIEJO, Diego Bautista Urbaneja, Lechería, Anzoategui",190000.0,820.0,300.0,3.0,3.0,5.0,False
Casa Bote En Venta,Casas Botes C,"Diego Bautista Urbaneja, Diego Bautista Urbaneja, Lechería, Anzoategui",280000.0,300.0,300.0,,,,False
Apartamento En Renta,Se Ofrece En Alquiler Mensual Y Diario,"R5, Diego Bautista Urbaneja, Lechería, Anzoategui",1000.0,170.0,170.0,,,,False
Apartamento En Renta,Se Ofrece Alquiler Diario,"R5, Diego Bautista Urbaneja, Lechería, Anzoategui",180.0,170.0,170.0,,,,False
Apartamento En Renta,HERMOSO APARTAMENTO EN PUEBLO VIEJO,"Avenida Americo Vespucio, Diego Bautista Urbaneja, Lechería, Anzoategui",1500.0,142.0,142.0,3.0,2.0,1.0,False
Apartamento En Renta,APARTAMENTO VACACIONAL EN VILLASOL SUITES,"AVENID AMERICO VESPUCIO, Diego Bautista Urbaneja, Lechería, Anzoategui",80.0,60.0,60.0,2.0,2.0,1.0,True
Apartamento En Renta,Precioso Apartamento Con Espectacular Vista Al Mar,"Intersección Boulevard de Playa Lido, Diego Bautista Urbaneja, Lechería, Anzoategui",70.0,68.0,68.0,2.0,2.0,1.0,True
Town House En Venta,En Venta Villa En El Conjunto Residencial Villas Martinique,"avenida R-16, Diego Bautista Urbaneja, Lechería, Anzoategui",95000.0,125.0,125.0,3.0,3.0,2.0,False
Apartamento En Venta,En Venta Apto En Residencias Kathyuska,"AVENIDA BOLIVAR, Diego Bautista Urbaneja, Lechería, Anzoategui",130000.0,125.0,125.0,3.0,3.0,2.0,False
Casa En Venta,Hermosa Villa Con Acabados De Lujo,"Avenida Daniel Octavio Camejo, Diego Bautista Urbaneja, Lechería, Anzoategui",1300000.0,1.308,800.0,8.0,8.0,6.0,False
Casa En Renta,MODERNA Y MINIMALISTA VILLA EN ALQUILER,"Las villas, Diego Bautista Urbaneja, Lechería, Anzoategui",7000.0,1.36,700.0,6.0,7.0,8.0,True
Town House En Renta,HERMOSO TOWN HOUSE EN PUEBLO VIEJO,"Avenida Americo Vespucio, Diego Bautista Urbaneja, Lechería, Anzoategui",1350.0,57.0,126.0,3.0,2.0,1.0,True
Apartamento En Renta,"Hermoso Apartamento En Alquiler En Conjunto Res. Oasis, Sector Venecia, Lecheria","Sector Cerro Sur, Diego Bautista Urbaneja, Lechería, Anzoategui",800.0,94.0,94.0,2.0,2.0,2.0,True
Casa En Renta,Lujosa Casa Bote En Alquiler Vacacional,"Diego Bautista Urbaneja, Lechería, Anzoategui",300.0,200.0,250.0,5.0,5.0,5.0,False
Casa En Venta,"Conjunto Residencial Las Villas, Vista Al Canal Principal","Av Americo Vespucio, Diego Bautista Urbaneja, Lechería, Anzoategui",930000.0,1.164,805.0,7.0,8.0,7.0,True
Apartamento En Venta,Espacioso Y Hermoso Apartamento Con Amplia Terraza,"Avenida Bolivar, Diego Bautista Urbaneja, Lechería, Anzoategui",170000.0,310.0,220.0,3.0,3.0,3.0,True
Apartamento En Venta,APARTAMENTO EN VENTA EN EL CONJUNTO RESIDENCIAL LIDO SUITES,"Boulevard Lido, Diego Bautista Urbaneja, Lechería, Anzoategui",95000.0,69.0,69.0,,,,False
Casa En Renta,Espectacular Mansión Vacacional En LAS VILLAS,"Las Villas, Diego Bautista Urbaneja, Lechería, Anzoategui",1600.0,1.445,663.0,6.0,6.0,6.0,False
Casa En Venta,Espectacular Mansión Conjunto Residencial LAS VILLAS,"Las Villas, Diego Bautista Urbaneja, Lechería, Anzoategui",1690000.0,1.445,663.0,6.0,6.0,6.0,False
Oficinas En Renta,ALQUILER DE LOCALES COMERCIALES CENTRO COMERCIAL G,"LA PEÑA CENTRO COMERCIAL G, Diego Bautista Urbaneja, Lechería, Anzoategui",180.0,20.0,20.0,,,,False
Penthouse En Venta,Penthouse Duplex De 272m2 Ubicado En El CR Ikabaru.,"Av. Principal de Lecheria, Diego Bautista Urbaneja, Lechería, Anzoategui",120000.0,272.0,272.0,5.0,5.0,4.0,True
Apartamento En Venta,Venta Apartamentoi En Marina Mar,"Avenida la Costa zona de hoteles y condominios del sector península del complejo turístico, Diego Bautista Urbaneja, Lechería, Anzoategui",175000.0,140.0,140.0,,,,False
Local En Venta,Se Vende Local Comercial En El Centro Comercial G,"Calle Pedregal lecheria, Diego Bautista Urbaneja, Lechería, Anzoategui",16000.0,22.0,22.0,,,,False
Apartamento En Venta,VENTA DE APARTAMENTO EN LECHERIA. CR GUAICA MAR II,"CALLE CAMAIGUANA CON CALLE EL DORADO, Diego Bautista Urbaneja, Lechería, Anzoategui",44000.0,87.0,87.0,3.0,2.0,2.0,True
Apartamento En Renta,Bellísimo Apartamento De 106 M2 En Ventana Al Mediterráneo,"Avenida Daniel Camejo Octavio, Diego Bautista Urbaneja, Lechería, Anzoategui",550.0,106.0,106.0,3.0,2.0,2.0,True
Town House En Venta,Conjunto Residencial Puerto Morro,"Diego Bautista Urbaneja, Lechería, Anzoategui",44000.0,70.0,231.0,,,,False
Casa Bote En Venta,Venta Casa Bote,"calle 1, Diego Bautista Urbaneja, Lechería, Anzoategui",550000.0,800.0,600.0,7.0,7.0,4.0,True
Apartamento En Venta,En Venta Carenero Yacht Club Penthouse (Piso 3),"Diego Bautista Urbaneja, Lechería, Anzoategui",290000.0,133.0,133.0,3.0,2.0,2.0,True
Casa En Venta,CASA EN VENTA EN LECHERIA C.R LAS VILLAS,"Av Octavio Camejo, Diego Bautista Urbaneja, Lechería, Anzoategui",800000.0,700.0,700.0,,,,False
Apartamento En Venta,APARTAMENTO EN VENTA EN LECHERIA C.R LA CARACOLA,"Sector Peñonal, Diego Bautista Urbaneja, Lechería, Anzoategui",130000.0,177.0,177.0,,,,False
Local En Renta,Se Alquila Local Comercial En Lecheria,"Calle las Peñas, Diego Bautista Urbaneja, Lechería, Anzoategui",800.0,65.0,65.0,,,,False
Apartamento En Venta,MODERNO Y LINDO APARTAMENTO EN VENTA,"AV DIEGO BAUTISTA URBANEJA, Diego Bautista Urbaneja, Lechería, Anzoategui",125000.0,110.0,110.0,2.0,2.0,2.0,False
Town House En Venta,En Venta Hermoso Y Moderno Townhouse En Costa Del Sol,"r-8, Diego Bautista Urbaneja, Lechería, Anzoategui",155000.0,135.0,135.0,,,,False
Local En Renta,"Local Comercial En El Centro Empresarial Mar Pacifico, Lechería","Calle Los Almendrones, Diego Bautista Urbaneja, Lechería, Anzoategui",1500.0,98.0,98.0,,,,False
Local En Renta,Espacioso Local Comercial Ubicado En El Nivel Planta Baja,"Avenida Los Almendrones, Diego Bautista Urbaneja, Lechería, Anzoategui",400.0,48.0,48.0,,,,False
Casa En Venta,CASA EN VENTA EN LECHERIA C.R LAS VILLAS,"AV OCTAVIO CAMEJO, Diego Bautista Urbaneja, Lechería, Anzoategui",650000.0,1.1,600.0,5.0,6.0,5.0,True
Apartamento En Venta,Bello Apartamento De 175 M2 Mas Terrazas En KAROL Lechería,"Avenida Bolivar, Diego Bautista Urbaneja, Lechería, Anzoategui",95000.0,180.0,180.0,4.0,3.0,2.0,False
Apartamento En Venta,"Apartamento En Venta En El Conjunto Residencial Sol Verde, Lecheria","calle arismendi, Diego Bautista Urbaneja, Lechería, Anzoategui",90000.0,128.0,128.0,3.0,2.0,1.0,False
Town House En Venta,Villa Pueblo Viejo 3 Niveles,"pueblo viejo, Diego Bautista Urbaneja, Lechería, Anzoategui",180000.0,130.0,130.0,,,,False
Apartamento En Renta,"Apartamento En Alquiler En El CR Costa Azul, Ubicado En Lecheria.","Americo Vespucio, Diego Bautista Urbaneja, Lechería, Anzoategui",530.0,131.0,131.0,3.0,3.0,2.0,True
Apartamento En Venta,Moderno Apartamento De 125 M2 En PUNTA CANAL,"Av. R-16, Lecheria, 6016, Diego Bautista Urbaneja, Lechería, Anzoategui",158000.0,125.0,125.0,3.0,2.0,2.0,False
Local En Venta,Galpon Para Hipertienda En Lecheria Av Principal,"Avenida ppal Lechería, Diego Bautista Urbaneja, Lechería, Anzoategui",1450000.0,1.928,950.0,,,,False
Casa En Venta,VILLA EN VENTA LECHERIA COMPLEJO TURISTICO EL MORRO,"Diego Bautista Urbaneja, Lechería, Anzoategui",1050000.0,1.542,700.0,,,,False
Apartamento En Venta,APARTAMENTO EN VENTA PUEBLO VIEJO COMPLEJO TURISTICO EL MORRO,"AV AMERICO VESPUCIO, Diego Bautista Urbaneja, Lechería, Anzoategui",75000.0,67.0,54.0,,,,False
Casa En Venta,En Venta Hermosa Casa Conjunto Residencial Exclusivo Vientos Del Mar,"piritu, Diego Bautista Urbaneja, Lechería, Anzoategui",240000.0,3.0,266.0,4.0,5.0,7.0,False
Casa En Venta,CASA BOTE B EN VENTA LECHERIA COMPLEJO TURISTICO EL MORRO,"AV OCTAVIO CAMEJO, Diego Bautista Urbaneja, Lechería, Anzoategui",320000.0,380.0,490.0,,,,False
Town House En Venta,Hermoso Townhouse Estilo Americano En El Conjunto Residencial Sun Way Village,"Anzoategui, Diego Bautista Urbaneja, Lechería, Anzoategui",135000.0,162.0,162.0,5.0,4.0,2.0,False
Local En Venta,LOCAL COMERCIAL EN AVENIDA PRINCIPAL DE LECHERIA,"Avenida principal de Lechería, Diego Bautista Urbaneja, Lechería, Anzoategui",490000.0,604.0,604.0,,,,False
Casa En Venta,Casa En Venta Lecheria CR Las Villas,"Octavio Camejo, Diego Bautista Urbaneja, Lechería, Anzoategui",1500000.0,1.36,700.0,,,,False
Local En Renta,Local En Alquiler C.C Caribbean Mall Lechería,"Av. Américo Vespucio, Diego Bautista Urbaneja, Lechería, Anzoategui",250.0,52.0,52.0,,,,False
Apartamento En Venta,APARTAMENTO EN VENTA ISLA PARAISO COMPLEJO TURISTICO EL MORRO,"AV AMERICO VESPUCIO, PUERTO LA CRUZ, Diego Bautista Urbaneja, Lechería, Anzoategui",240000.0,152.0,136.0,,,,False
Apartamento En Venta,Apartamento En Venta En Lechería. En Exclusivo C. R. Terramar Villas,"AV. CAMEJO OCTAVIO, Diego Bautista Urbaneja, Lechería, Anzoategui",185000.0,150.0,150.0,,,,False
Casa En Venta,Casa En Lechería Sector Morro III,"Sector Morro III, Diego Bautista Urbaneja, Lechería, Anzoategui",120000.0,200.0,165.0,,,,False
Town House En Venta,Conjunto Residencial Savannha Place,"Diego Bautista Urbaneja, Lechería, Anzoategui",85000.0,200.0,194.0,,,,False
Apartamento En Renta,Vacaciones Perfectas Frente Al Mar Bahia Bella,"Boulevard Playa Lido con calle 3 cruce con calle 5 de la ciudad de Lechería, Diego Bautista Urbaneja, Lechería, Anzoategui",90.0,110.0,110.0,,,,False
Penthouse En Venta,PENT HOUSE EN MARINA DEL REY,"AVENIDA R16, Diego Bautista Urbaneja, Lechería, Anzoategui",95000.0,82.0,116.0,3.0,3.0,1.0,False
Casa En Venta,Casa En Venta Lechería. Morro III,"Calle Neveri con calle Tamanaco, Diego Bautista Urbaneja, Lechería, Anzoategui",135000.0,395.0,177.0,,,,False
Penthouse En Venta,CASA EN VENTA EN LECHERIA C R PUERTO MORRO,"CONJUNTO RESIDENCIAL PUERTO MORRO, Diego Bautista Urbaneja, Lechería, Anzoategui",95000.0,210.0,70.0,,,,False
Casa En Renta,Casa En Alquiler Vacacional En El CR Las Villas,"1, Diego Bautista Urbaneja, Lechería, Anzoategui",1000.0,1.2,1.0,,,,False
